customer_id,name,age,email
1001,Jeffrey,58,tashabecker@morse.net
1002,Joseph,25,shill@delgado.org
1003,David,19,smorse@yahoo.com
1004,Thomas,35,chad33@shah.net
1005,Kevin,33,tmartinez@gmail.com
1006,Kristy,32,lauralawrence@schroeder.com
1007,Emma,26,qcalderon@smith.biz
1008,George,24,susan92@hotmail.com
1009,Whitney,52,greenjerome@parker.org
1010,Katie,23,teresa26@hernandez.info
1011,Melissa,55,lhubbard@cunningham.net
1012,Cathy,45,kellyjuan@robinson.org
1013,Garrett,20,tray@moon.info
1014,Miranda,19,alexandertate@hotmail.com
1015,Gary,23,kwalter@crawford.com
1016,Catherine,31,qking@boyle.com
1017,James,32,ngood@yahoo.com
1018,David,50,cwells@wright.org
1019,Denise,56,pamela18@thompson.com
1020,Cole,19,martinezolivia@davis.org
1021,Kelsey,53,elarson@deleon.com
1022,Regina,30,rjames@gmail.com
1023,Morgan,59,bondwilliam@allen.biz
1024,Mark,52,morrisbrianna@austin.org
1025,Tanya,44,hwise@castro.com
1026,Johnathan,32,williammartin@hotmail.com
1027,Amanda,46,patty91@montgomery.biz
1028,Mary,55,qglenn@yahoo.com
1029,Thomas,35,ricerichard@bruce.org
1030,Lauren,18,njordan@ferguson.net
1031,Joshua,28,burgessamy@gmail.com
1032,Craig,45,sandersmarissa@hotmail.com
1033,Megan,39,qsmith@nelson.info
1034,Joseph,35,hoffmanbenjamin@hotmail.com
1035,Teresa,27,erin96@yahoo.com
1036,William,31,hannahgonzalez@reed.com
1037,Maria,39,qpark@miller.com
1038,Joshua,24,louis80@yahoo.com
1039,Robin,23,uharris@mosley.info
1040,Jason,42,bonillachelsea@yahoo.com
1041,Alicia,24,sarahhowe@gmail.com
1042,Shelby,40,klittle@hotmail.com
1043,Tammy,40,jeremy42@gmail.com
1044,Alexander,56,wbrown@whitaker.com
1045,Elizabeth,34,whitney23@price.biz
1046,Julie,20,stephanie81@merritt-gibson.com
1047,Brittany,47,vbrown@doyle.org
1048,Barbara,52,qpatterson@garcia-reed.com
1049,Melissa,25,jennifermadden@gmail.com
1050,Alyssa,42,candicemunoz@mcmillan.biz
1051,Beth,23,john50@yahoo.com
1052,Denise,53,sean34@hotmail.com
1053,Michelle,36,bryantanya@hotmail.com
1054,Robin,58,selliott@price.org
1055,Tiffany,57,syates@gmail.com
1056,Emily,41,joshua60@hotmail.com
1057,Randy,54,penny16@gmail.com
1058,William,30,mholland@adams.org
1059,Bradley,22,ofields@allen-allen.biz
1060,Deborah,20,jamesmiller@schneider.org
1061,David,60,cmatthews@hotmail.com
1062,Tony,32,jackbennett@ali.com
1063,Anthony,36,seanmurphy@yahoo.com
1064,Sarah,23,jessica12@gmail.com
1065,Rick,32,lcox@reed.com
1066,Rhonda,24,christinecox@hotmail.com
1067,Sarah,42,derrickkidd@gmail.com
1068,Christina,35,dwilcox@yahoo.com
1069,Matthew,47,hopkinssean@gmail.com
1070,Kristen,58,pcarpenter@gmail.com
1071,Gregory,41,ashleymitchell@hotmail.com
1072,Emily,28,awest@hotmail.com
1073,Lisa,41,stephanie34@woods.com
1074,Sarah,40,ghiggins@yahoo.com
1075,Ronnie,31,kathleen26@nelson.com
1076,Anthony,60,saraflores@hotmail.com
1077,Brian,35,zkim@lucas.org
1078,Katherine,59,grichardson@yahoo.com
1079,Joshua,22,sanchezcurtis@hotmail.com
1080,Amber,56,stephanie68@yahoo.com
1081,Jose,58,caldwelljohn@baker-allen.com
1082,Carla,28,tcarlson@ware-kim.com
1083,Amanda,52,tinascott@mclaughlin-norton.info
1084,Rachel,33,ffuller@soto.com
1085,Jill,28,carrillojennifer@yahoo.com
1086,Wendy,47,fmiller@thompson-lee.net
1087,Jonathan,42,byrdstephen@hotmail.com
1088,Seth,35,wayneevans@gmail.com
1089,Adam,58,rickyreyes@stephenson.com
1090,Edward,53,kennedyelizabeth@doyle-roberts.com
1091,Jamie,32,alexandrareed@yahoo.com
1092,Kaitlyn,38,malloryporter@james-peterson.info
1093,Michael,21,samuel85@yahoo.com
1094,Tricia,32,garciadakota@shelton.com
1095,Mariah,20,mwalker@yahoo.com
1096,Kevin,38,ebell@yahoo.com
1097,Marie,43,rhernandez@hotmail.com
1098,Michael,35,brittanywashington@hotmail.com
1099,Brooke,22,hhorne@dunn-edwards.com
1100,Samuel,31,bradleypeters@gmail.com
