student_id,name,age,email
2001,Tyler Watkins,21,angelatorres@burns-benson.com
2002,Mr. Jonathan Lewis,21,williamsnancy@white.com
2003,Michael Garcia,20,rossdaniel@gmail.com
2004,Heidi Johnson,22,cbenson@hotmail.com
2005,Scott Thompson,21,pburnett@yahoo.com
2006,Nicole Jones,15,christinacole@yahoo.com
2007,Michele Sherman,18,nhancock@murray-higgins.com
2008,Nancy Shaw,21,amy93@chaney.com
2009,Randy Foster,21,wchen@house.biz
2010,Vincent Clarke,15,brandonmckinney@yahoo.com
2011,Samuel Stevenson,21,phambenjamin@gmail.com
2012,Tonya Rodriguez,22,lucas88@yahoo.com
2013,Amber Rangel,15,kaitlyn76@hotmail.com
2014,Sandra Torres,20,respinoza@lynch.com
2015,Michelle Taylor,19,qsanders@hotmail.com
2016,Gwendolyn Kim,21,xstrong@yahoo.com
2017,Timothy Gomez,21,mary43@casey-murray.com
2018,Charlotte Bailey,18,lindseymichael@yahoo.com
2019,Ashley Cummings,22,johnathan74@gmail.com
2020,Alyssa Johnson,18,kochkelly@yahoo.com
2021,Gary Butler,19,tony39@gmail.com
2022,Jessica Reyes,21,sullivanbrian@berry-goodman.com
2023,Elizabeth Shaw,22,mollytaylor@gomez.com
2024,Brandy Morris,15,irusso@petersen.org
2025,Melissa Moore,21,dwhite@hotmail.com
2026,Thomas Barry,20,whitemeghan@bell.info
2027,Samantha Kelly,21,bergerchristopher@gmail.com
2028,Dylan Hughes,17,rebecca99@allen.biz
2029,Robin Montgomery,22,patrick63@hotmail.com
2030,Dominic Stevens,17,michael39@mckinney.com
2031,Hannah Hogan,15,dunnkayla@hotmail.com
2032,Ryan Davenport,21,akent@gmail.com
2033,Samuel Holt,15,jodimahoney@gmail.com
2034,Ryan Cummings,16,parkerbryan@brown.com
2035,Joseph Elliott,21,rachel09@yahoo.com
2036,Zachary Henry,17,oharrington@odom.com
2037,Ryan Herrera,22,braunjeffrey@gmail.com
2038,Shawn Blair,17,yaguilar@hotmail.com
2039,Amanda Deleon,15,smoran@flores-garner.com
2040,Travis Elliott,19,hannahrich@hotmail.com
2041,Diana Garcia,21,katrina64@ochoa-ruiz.org
2042,Joseph Bauer,20,zhobbs@hotmail.com
2043,Eric Armstrong,18,uhernandez@gmail.com
2044,Kimberly Evans,22,ogomez@mata.biz
2045,Dale Rodriguez,20,sydney87@english-jordan.com
2046,Susan Cooley,20,danielray@spears-crawford.com
2047,Dawn Carter,21,kimberlythomas@yahoo.com
2048,Jesse Archer,19,hillkimberly@murphy.com
2049,Jill Barber,21,tayala@yahoo.com
2050,Karen Johnson,19,fvance@williams-stafford.org
2051,Deborah Brown,16,teresagilbert@gmail.com
2052,Jeffrey Levine,22,vanessa18@yahoo.com
2053,Erin Murphy,15,bryanellis@gmail.com
2054,Cody Pierce,15,tammy85@yahoo.com
2055,Lauren Estrada,20,angelahumphrey@yahoo.com
2056,Damon Summers,18,stacystone@brown.org
2057,Chelsea Olson,16,erinflores@gmail.com
2058,William Perez,15,shawn72@gmail.com
2059,Robert Bailey,15,joshua59@hotmail.com
2060,Benjamin Perez,18,rebeccahayes@hamilton.net
2061,Susan Gonzalez,18,martinezgary@bowman.info
2062,Leah Lewis,15,ppatterson@gmail.com
2063,Donald Solis,17,victoriahanson@carter.com
2064,Austin Williams,18,osbornrichard@yahoo.com
2065,Brenda Reyes,17,snyderstacey@rodriguez.com
2066,Aaron Watson,22,ybrooks@hotmail.com
2067,Robert Hale,16,cynthiaherrera@gmail.com
2068,Katrina Salas,18,cjohnson@gentry.com
2069,Donna Leblanc,22,goldengina@gmail.com
2070,Heidi Thomas,19,yoderkelly@johnson-marquez.com
2071,Christopher Harris PhD,20,vanessaclarke@stone.com
2072,George Anderson,17,ecox@noble.com
2073,Michael Young,16,shepherderika@hotmail.com
2074,Ashley Knapp,17,hwilliams@small-velazquez.com
2075,Robert Tapia,19,natashamccarthy@wood.info
2076,Anna Edwards,16,anthony62@kelly.com
2077,Sheila Ramirez,15,egibson@roy.org
2078,Tina Fleming,19,deborahgarcia@hotmail.com
2079,William Simmons,21,stephenphillips@yahoo.com
2080,Steven Cox,21,kaylajones@gmail.com
2081,Marie Austin,18,robinsonrichard@soto-james.com
2082,Scott Johnson,16,umcdonald@hotmail.com
2083,Denise Aguilar,18,lvargas@gmail.com
2084,Derrick Daugherty,16,phernandez@gmail.com
2085,Mary Guerra,19,bcisneros@cabrera.org
2086,Shirley Ramos,16,nroach@willis-jenkins.com
2087,Lisa Ball,15,arnoldsamantha@holt.com
2088,Caitlin Taylor,20,paul11@hotmail.com
2089,Susan Hall,21,michael34@ramos-tyler.org
2090,Chad Stuart,20,torresmatthew@colon.com
2091,Angela Jones,16,dbrown@yahoo.com
2092,Jordan Oneill,20,anna42@ferrell.com
2093,David Peck,15,veronicaburns@powell.net
2094,William Robertson,21,martinlori@may-dean.com
2095,Cheyenne Miller DDS,22,fgonzalez@yahoo.com
2096,Taylor Jacobson,16,rebeccahowe@morales-burnett.com
2097,Sara White,21,johnramirez@thomas.org
2098,Dr. Cody Crawford Jr.,20,pclay@hotmail.com
2099,Olivia Hickman,22,randyblack@rogers.com
2100,Kevin Myers,17,lesteramber@johnson-johnson.biz
